{"cameraMode":{"drawMode":0,"name":"Shaded","section":"Shading Mode"},"sceneLighting":true,"audioPlay":false,"sceneViewState":{"m_AlwaysRefresh":false,"showFog":true,"showSkybox":true,"showFlares":true,"showImageEffects":true,"showParticleSystems":true,"showVisualEffectGraphs":true,"m_FxEnabled":true},"in2DMode":false,"pivot":{"x":5.150562763214111,"y":5.676324367523193,"z":-1.2747124433517457},"rotation":{"x":0.00981749128550291,"y":-0.2733616828918457,"z":0.002805550117045641,"w":0.9618983268737793},"size":7.071067810058594,"orthographic":false}