{"cameraMode":{"drawMode":0,"name":"Shaded","section":"Shading Mode"},"sceneLighting":true,"audioPlay":false,"sceneViewState":{"m_AlwaysRefresh":false,"showFog":true,"showSkybox":true,"showFlares":true,"showImageEffects":true,"showParticleSystems":true,"showVisualEffectGraphs":true,"m_FxEnabled":true},"in2DMode":false,"pivot":{"x":-7.416311264038086,"y":-24.623119354248048,"z":4.432270050048828},"rotation":{"x":-0.45596975088119509,"y":0.061553556472063068,"z":-0.03173069655895233,"w":-0.8874973058700562},"size":36.85072708129883,"orthographic":false}