{"cameraMode":{"drawMode":0,"name":"Shaded","section":"Shading Mode"},"sceneLighting":false,"audioPlay":false,"sceneViewState":{"m_AlwaysRefresh":false,"showFog":true,"showSkybox":false,"showFlares":true,"showImageEffects":true,"showParticleSystems":true,"showVisualEffectGraphs":true,"m_FxEnabled":true},"in2DMode":false,"pivot":{"x":0.3320815861225128,"y":0.29925012588500979,"z":-0.8567984104156494},"rotation":{"x":-0.15942098200321198,"y":-0.6326088309288025,"z":0.13524405658245088,"w":-0.7457435727119446},"size":3.9180026054382326,"orthographic":false}