{"cameraMode":{"drawMode":0,"name":"Shaded","section":"Shading Mode"},"sceneLighting":false,"audioPlay":false,"sceneViewState":{"m_AlwaysRefresh":false,"showFog":true,"showSkybox":false,"showFlares":true,"showImageEffects":true,"showParticleSystems":true,"showVisualEffectGraphs":true,"m_FxEnabled":true},"in2DMode":false,"pivot":{"x":-0.8318519592285156,"y":1.6360197067260743,"z":-0.06042957305908203},"rotation":{"x":-0.024609128013253213,"y":0.015288228169083596,"z":-0.0003297704388387501,"w":-0.999753475189209},"size":11.318025588989258,"orthographic":false}